,ts_code,trade_date,close,open,high,low,pre_close,change,pct_chg,vol,amount
0,000001.SH,20210402,3484.3924,3472.6276,3487.5862,3462.8321,3466.3315,18.0609,0.521,262654873.0,317953200.8
1,000001.SH,20210401,3466.3315,3444.8102,3470.0311,3438.8255,3441.9115,24.42,0.7095,275244295.0,292651912.3
2,000001.SH,20210331,3441.9115,3452.2078,3452.2078,3420.8321,3456.6766,-14.7651,-0.4271,283049261.0,314174120.2
3,000001.SH,20210330,3456.6766,3432.5288,3457.6345,3423.3154,3435.2958,21.3808,0.6224,285423081.0,331625651.2
4,000001.SH,20210329,3435.2958,3429.6322,3449.8338,3409.8868,3418.3267,16.9691,0.4964,284824243.0,327944119.7
5,000001.SH,20210326,3418.3267,3373.3171,3423.2231,3373.3171,3363.5915,54.7352,1.6273,274614987.0,322408619.9
6,000001.SH,20210325,3363.5915,3355.0706,3382.226,3344.9695,3367.0606,-3.4691,-0.103,270676097.0,290223442.6
7,000001.SH,20210324,3367.0606,3394.1283,3415.2949,3362.1847,3411.5088,-44.4482,-1.3029,317398697.0,344800038.2
8,000001.SH,20210323,3411.5088,3445.3408,3445.4159,3390.0477,3443.4392,-31.9304,-0.9273,326389409.0,343477167.7
9,000001.SH,20210322,3443.4392,3406.1227,3443.6596,3404.2341,3404.6634,38.7758,1.1389,312559084.0,332535035.8
10,000001.SH,20210319,3404.6634,3423.8733,3439.5236,3389.2929,3463.0681,-58.4047,-1.6865,309161716.0,339992292.8
11,000001.SH,20210318,3463.0681,3449.6413,3478.1447,3449.3774,3445.5509,17.5172,0.5084,284403891.0,316529174.1
12,000001.SH,20210317,3445.5509,3435.7319,3454.0562,3410.2815,3446.7334,-1.1825,-0.0343,280059818.0,306630472.1
13,000001.SH,20210316,3446.7334,3424.6524,3448.8829,3406.1746,3419.9456,26.7878,0.7833,316668747.0,332388484.7
14,000001.SH,20210315,3419.9456,3441.882,3457.4892,3392.5089,3453.0777,-33.1321,-0.9595,367813293.0,381646491.3
15,000001.SH,20210312,3453.0777,3447.2033,3454.5064,3417.2389,3436.8313,16.2464,0.4727,358027035.0,381964281.2
16,000001.SH,20210311,3436.8313,3369.9024,3436.8313,3369.9024,3357.7372,79.0941,2.3556,322112044.0,369805365.5
17,000001.SH,20210310,3357.7372,3389.8388,3397.0251,3354.823,3359.292,-1.5548,-0.0463,299749166.0,339571691.5
18,000001.SH,20210309,3359.292,3415.3391,3429.1503,3328.3119,3421.4141,-62.1221,-1.8157,407652539.0,456196190.3
19,000001.SH,20210308,3421.4141,3524.983,3542.3039,3421.2153,3501.9867,-80.5726,-2.3008,387047954.0,453859203.3
20,000001.SH,20210305,3501.9867,3463.3086,3523.5682,3456.6668,3503.4916,-1.5049,-0.043,356409223.0,408849901.9
21,000001.SH,20210304,3503.4916,3546.6406,3552.2024,3487.3757,3576.9045,-73.4129,-2.0524,393616120.0,462233734.2
22,000001.SH,20210303,3576.9045,3500.1576,3577.6218,3498.7192,3508.5912,68.3133,1.947,347656846.0,415490345.7
23,000001.SH,20210302,3508.5912,3566.852,3566.852,3485.3635,3551.3998,-42.8086,-1.2054,339830486.0,427680453.1
24,000001.SH,20210301,3551.3998,3531.4802,3552.5665,3511.9888,3509.0804,42.3194,1.206,315487526.0,402477044.2
25,000001.SH,20210226,3509.0804,3514.5648,3550.4055,3500.7036,3585.0458,-75.9654,-2.119,333280067.0,424485913.9
26,000001.SH,20210225,3585.0458,3595.5424,3608.5568,3568.4735,3564.0799,20.9659,0.5883,366232299.0,444735017.1
27,000001.SH,20210224,3564.0799,3638.9359,3645.6474,3531.5936,3636.3573,-72.2774,-1.9876,362158952.0,484430414.6
28,000001.SH,20210223,3636.3573,3617.7013,3672.1511,3617.7013,3642.4449,-6.0876,-0.1671,398873174.0,479631810.2
29,000001.SH,20210222,3642.4449,3707.1912,3717.2669,3642.4449,3696.168,-53.7231,-1.4535,488821478.0,599323102.1
30,000001.SH,20210219,3696.168,3661.7834,3699.6502,3634.0149,3675.3571,20.8109,0.5662,361059804.0,484990205.8
31,000001.SH,20210218,3675.3571,3721.0865,3731.687,3663.6637,3655.088,20.2691,0.5545,340309065.0,483546564.6
32,000001.SH,20210210,3655.088,3612.6125,3662.7655,3612.5049,3603.489,51.599,1.4319,257940824.0,392643389.6
33,000001.SH,20210209,3603.489,3539.7726,3604.0112,3528.6755,3532.4467,71.0423,2.0111,253821760.0,371567972.5
34,000001.SH,20210208,3532.4467,3504.5631,3542.2075,3492.1286,3496.3329,36.1138,1.0329,249799619.0,359187319.2
35,000001.SH,20210205,3496.3329,3509.4874,3536.5417,3492.9624,3501.8592,-5.5263,-0.1578,290146174.0,397391919.6
36,000001.SH,20210204,3501.8592,3503.7785,3524.7219,3465.7706,3517.308,-15.4488,-0.4392,298834854.0,418742552.8
37,000001.SH,20210203,3517.308,3531.149,3544.0092,3508.5069,3533.6849,-16.3769,-0.4635,297351716.0,413731472.0
38,000001.SH,20210202,3533.6849,3510.8084,3535.502,3495.5681,3505.2836,28.4013,0.8102,264540630.0,384127851.1
39,000001.SH,20210201,3505.2836,3477.1715,3506.3889,3469.875,3483.0692,22.2144,0.6378,277567901.0,371473066.3
40,000001.SH,20210129,3483.0692,3521.7175,3531.5981,3446.5471,3505.1759,-22.1067,-0.6307,293662664.0,416528621.0
41,000001.SH,20210128,3505.1759,3534.6685,3549.544,3496.8788,3573.3412,-68.1653,-1.9076,270862461.0,391574388.0
42,000001.SH,20210127,3573.3412,3567.5485,3578.7968,3546.492,3569.429,3.9122,0.1096,264107161.0,396270389.6
43,000001.SH,20210126,3569.429,3610.9686,3610.9686,3564.7415,3624.2381,-54.8091,-1.5123,278139884.0,436326664.6
44,000001.SH,20210125,3624.2381,3605.3611,3637.1002,3591.0204,3606.7496,17.4885,0.4849,327341070.0,527257347.7
45,000001.SH,20210122,3606.7496,3616.5401,3616.5401,3585.0339,3621.2641,-14.5145,-0.4008,324463084.0,485452192.4
46,000001.SH,20210121,3621.2641,3590.9247,3636.2444,3585.8017,3583.092,38.1721,1.0653,327466995.0,469855226.6
47,000001.SH,20210120,3583.092,3564.121,3589.9624,3556.4425,3566.3814,16.7106,0.4686,272271661.0,397144766.2
48,000001.SH,20210119,3566.3814,3596.3564,3603.1477,3553.0236,3596.2237,-29.8423,-0.8298,323439541.0,467402582.4
49,000001.SH,20210118,3596.2237,3554.7977,3608.7665,3544.2614,3566.3778,29.8459,0.8369,301652565.0,451740700.4
50,000001.SH,20210115,3566.3778,3566.2847,3589.2655,3533.7882,3565.9046,0.4732,0.0133,324612744.0,480343781.0
51,000001.SH,20210114,3565.9046,3584.9324,3599.0584,3559.6001,3598.6518,-32.7472,-0.91,347666819.0,511325103.7
52,000001.SH,20210113,3598.6518,3613.281,3622.3475,3575.5945,3608.3389,-9.6871,-0.2685,388127791.0,554853439.1
53,000001.SH,20210112,3608.3389,3518.0106,3608.3389,3517.4689,3531.4978,76.8411,2.1759,323406153.0,485771186.3
54,000001.SH,20210111,3531.4978,3571.3212,3597.7022,3516.9862,3570.1082,-38.6104,-1.0815,362479154.0,526895927.3
55,000001.SH,20210108,3570.1082,3577.6923,3588.0625,3544.8912,3576.2046,-6.0964,-0.1705,345557896.0,502170815.6
56,000001.SH,20210107,3576.2046,3552.9087,3576.2046,3526.6174,3550.8767,25.3279,0.7133,405348226.0,545709628.1
57,000001.SH,20210106,3550.8767,3530.9072,3556.8022,3513.1262,3528.6767,22.2,0.6291,370230926.0,521799529.8
58,000001.SH,20210105,3528.6767,3492.1912,3528.6767,3484.7151,3502.9584,25.7183,0.7342,407995934.0,568019462.2
59,000001.SH,20210104,3502.9584,3474.6793,3511.6554,3457.2061,3473.0693,29.8891,0.8606,380790800.0,523367700.8
60,000001.SH,20201231,3473.0693,3419.7267,3474.9182,3419.7267,3414.4527,58.6166,1.7167,335673926.0,450482318.9
61,000001.SH,20201230,3414.4527,3375.0086,3414.4539,3374.4156,3379.0362,35.4165,1.0481,291023543.0,377542350.9
62,000001.SH,20201229,3379.0362,3399.2939,3407.0884,3376.0876,3397.2854,-18.2492,-0.5372,311769185.0,382102563.8
63,000001.SH,20201228,3397.2854,3396.359,3412.5193,3383.654,3396.5626,0.7228,0.0213,316181542.0,398159968.8
64,000001.SH,20201225,3396.5626,3351.7901,3397.0066,3348.3453,3363.1133,33.4493,0.9946,294546895.0,359094444.7
65,000001.SH,20201224,3363.1133,3382.193,3394.0746,3354.0215,3382.3195,-19.2062,-0.5678,275044450.0,363321144.3
66,000001.SH,20201223,3382.3195,3362.4721,3394.2089,3360.2019,3356.7822,25.5373,0.7608,299523527.0,413254779.1
67,000001.SH,20201222,3356.7822,3410.9678,3415.7538,3353.8581,3420.5693,-63.7871,-1.8648,323037654.0,432199556.5
68,000001.SH,20201221,3420.5693,3394.3945,3423.6088,3381.1158,3394.896,25.6733,0.7562,283759794.0,383898951.6
69,000001.SH,20201218,3394.896,3400.4855,3413.8134,3382.7508,3404.8732,-9.9772,-0.293,280992641.0,354027376.9
70,000001.SH,20201217,3404.8732,3367.277,3406.1547,3354.0112,3366.9832,37.89,1.1253,275463631.0,364740477.2
71,000001.SH,20201216,3366.9832,3371.2632,3378.6626,3359.1705,3367.2326,-0.2494,-0.0074,220813976.0,308823385.3
72,000001.SH,20201215,3367.2326,3366.5813,3373.5579,3348.4192,3369.1201,-1.8875,-0.056,225667402.0,315289741.3
73,000001.SH,20201214,3369.1201,3349.534,3371.1291,3338.6263,3347.191,21.9291,0.6551,239807926.0,316229132.9
74,000001.SH,20201211,3347.191,3381.008,3383.1783,3325.172,3373.2758,-26.0848,-0.7733,298617158.0,379848803.6
75,000001.SH,20201210,3373.2758,3365.731,3384.8875,3357.7531,3371.964,1.3118,0.0389,247308304.0,321616357.2
76,000001.SH,20201209,3371.964,3416.0782,3422.536,3371.9156,3410.1771,-38.2131,-1.1206,260747424.0,339317806.3
77,000001.SH,20201208,3410.1771,3417.6936,3428.6618,3403.0263,3416.6037,-6.4266,-0.1881,226907328.0,304635033.5
78,000001.SH,20201207,3416.6037,3446.6478,3449.5782,3414.3142,3444.5814,-27.9777,-0.8122,254522508.0,336836800.3
79,000001.SH,20201204,3444.5814,3436.7291,3448.4036,3417.0484,3442.1359,2.4455,0.071,256276705.0,329393208.3
80,000001.SH,20201203,3442.1359,3448.5403,3452.1612,3428.8044,3449.3805,-7.2446,-0.21,298459930.0,352422286.6
81,000001.SH,20201202,3449.3805,3453.5181,3465.7288,3435.8712,3451.9384,-2.5579,-0.0741,312811114.0,383340845.1
82,000001.SH,20201201,3451.9384,3388.9867,3457.6354,3386.9113,3391.7551,60.1833,1.7744,316188980.0,385250751.3
83,000001.SH,20201130,3391.7551,3418.1583,3456.7365,3391.7551,3408.3071,-16.552,-0.4856,384989968.0,454500571.8
84,000001.SH,20201127,3408.3071,3373.8434,3408.3071,3364.4919,3369.7334,38.5737,1.1447,280649894.0,326069547.2
85,000001.SH,20201126,3369.7334,3360.0609,3371.4537,3344.2822,3362.3274,7.406,0.2203,255886822.0,317308635.0
86,000001.SH,20201125,3362.3274,3417.515,3423.4853,3362.3274,3402.8225,-40.4951,-1.19,322110207.0,383477785.2
87,000001.SH,20201124,3402.8225,3407.4087,3413.9263,3396.2436,3414.4899,-11.6674,-0.3417,300994144.0,359505804.9
88,000001.SH,20201123,3414.4899,3384.1039,3431.6529,3377.9862,3377.7267,36.7632,1.0884,373872047.0,431504375.6
89,000001.SH,20201120,3377.7267,3359.5966,3380.1489,3356.3086,3363.0876,14.6391,0.4353,261271219.0,312659789.1
90,000001.SH,20201119,3363.0876,3339.0864,3367.3328,3330.4496,3347.3034,15.7842,0.4715,253262992.0,319520194.5
91,000001.SH,20201118,3347.3034,3337.3315,3358.8938,3333.9916,3339.895,7.4084,0.2218,287531259.0,358745367.4
92,000001.SH,20201117,3339.895,3347.1513,3347.6979,3323.9506,3346.9692,-7.0742,-0.2114,283632479.0,353623369.9
93,000001.SH,20201116,3346.9692,3325.6209,3346.9692,3313.6469,3310.1046,36.8646,1.1137,279593761.0,333750600.1
94,000001.SH,20201113,3310.1046,3327.2293,3327.2293,3291.6425,3338.6788,-28.5742,-0.8559,227898364.0,301527966.9
95,000001.SH,20201112,3338.6788,3344.4562,3350.2848,3329.485,3342.2025,-3.5237,-0.1054,216501309.0,286927436.4
96,000001.SH,20201111,3342.2025,3354.0247,3365.836,3339.0407,3360.1485,-17.946,-0.5341,271204653.0,355802065.5
97,000001.SH,20201110,3360.1485,3387.6219,3387.6219,3346.1715,3373.7337,-13.5852,-0.4027,278701113.0,390008391.7
98,000001.SH,20201109,3373.7337,3329.4285,3380.8235,3329.4285,3312.159,61.5747,1.8591,310219771.0,429948921.9
99,000001.SH,20201106,3312.159,3326.4645,3326.4645,3292.1507,3320.1333,-7.9743,-0.2402,234864132.0,325485056.7
100,000001.SH,20201105,3320.1333,3305.5798,3320.408,3291.6,3277.4402,42.6931,1.3026,226801462.0,316292710.0
101,000001.SH,20201104,3277.4402,3273.4326,3286.6212,3254.1113,3271.0744,6.3658,0.1946,188514128.0,270723846.5
102,000001.SH,20201103,3271.0744,3239.8063,3278.3806,3237.8539,3225.1196,45.9548,1.4249,215297864.0,303730147.8
103,000001.SH,20201102,3225.1196,3228.715,3242.8041,3209.9094,3224.5325,0.5871,0.0182,226779137.0,325321869.1
104,000001.SH,20201030,3224.5325,3278.6312,3279.8563,3219.4216,3272.7274,-48.1949,-1.4726,230188803.0,328917241.6
105,000001.SH,20201029,3272.7274,3235.7647,3289.7655,3231.1243,3269.238,3.4894,0.1067,184703589.0,278605665.2
106,000001.SH,20201028,3269.238,3256.2225,3275.8714,3238.382,3254.3157,14.9223,0.4585,173181965.0,256213458.2
107,000001.SH,20201027,3254.3157,3240.7395,3258.3369,3235.5443,3251.1188,3.1969,0.0983,149115566.0,217487420.9
108,000001.SH,20201026,3251.1188,3258.7028,3264.4464,3226.6018,3277.9972,-26.8784,-0.82,167731795.0,235462468.4
109,000001.SH,20201023,3277.9972,3308.1581,3326.0489,3276.6197,3312.5005,-34.5033,-1.0416,174208982.0,249912883.3
110,000001.SH,20201022,3312.5005,3315.8206,3320.8787,3281.3662,3325.0247,-12.5242,-0.3767,165949987.0,236428248.9
111,000001.SH,20201021,3325.0247,3332.147,3332.147,3304.1693,3328.1029,-3.0782,-0.0925,177632115.0,246848139.0
112,000001.SH,20201020,3328.1029,3307.1498,3328.1029,3293.7662,3312.6671,15.4358,0.466,165084762.0,227823367.1
113,000001.SH,20201019,3312.6671,3351.0961,3371.0862,3307.8407,3336.3582,-23.6911,-0.7101,212303540.0,283882790.2
114,000001.SH,20201016,3336.3582,3334.4568,3348.9543,3319.11,3332.1832,4.175,0.1253,194295421.0,253448029.5
115,000001.SH,20201015,3332.1832,3342.9222,3354.5784,3330.0014,3340.7782,-8.595,-0.2573,191031282.0,263848674.0
116,000001.SH,20201014,3340.7782,3353.6247,3353.6247,3332.9635,3359.7499,-18.9717,-0.5647,198659382.0,281159984.7
117,000001.SH,20201013,3359.7499,3353.1213,3361.8315,3334.4989,3358.4652,1.2847,0.0383,204926103.0,288505837.5
118,000001.SH,20201012,3358.4652,3287.3281,3359.1526,3286.1111,3272.0762,86.389,2.6402,259622408.0,355700113.7
119,000001.SH,20201009,3272.0762,3262.6105,3280.5124,3260.1873,3218.0521,54.0241,1.6788,188325648.0,264171043.8
120,000001.SH,20200930,3218.0521,3232.7104,3244.9134,3202.3435,3224.3593,-6.3072,-0.1956,153504457.0,205762857.3
121,000001.SH,20200929,3224.3593,3231.8551,3242.7937,3219.7902,3217.5346,6.8247,0.2121,151349870.0,207307813.8
122,000001.SH,20200928,3217.5346,3224.9769,3238.1825,3210.8925,3219.4179,-1.8833,-0.0585,155982783.0,209672387.6
123,000001.SH,20200925,3219.4179,3234.3739,3239.4662,3208.0349,3223.1764,-3.7585,-0.1166,164822419.0,220674477.0
124,000001.SH,20200924,3223.1764,3262.879,3265.3451,3221.2365,3279.7105,-56.5341,-1.7238,206736011.0,258259919.7
125,000001.SH,20200923,3279.7105,3278.8358,3289.7624,3264.8907,3274.3015,5.409,0.1652,169178068.0,240742428.8
126,000001.SH,20200922,3274.3015,3290.6656,3320.2278,3265.7025,3316.9351,-42.6336,-1.2853,214015065.0,269113293.7
127,000001.SH,20200921,3316.9351,3348.8988,3350.5893,3313.0714,3338.0897,-21.1546,-0.6337,216503093.0,287691308.1
128,000001.SH,20200918,3338.0897,3270.911,3338.3243,3268.526,3270.435,67.6547,2.0687,256260788.0,337025892.9
129,000001.SH,20200917,3270.435,3277.3238,3290.4094,3248.499,3283.9244,-13.4894,-0.4108,202931972.0,279311053.4
130,000001.SH,20200916,3283.9244,3293.1678,3302.4556,3271.075,3295.6795,-11.7551,-0.3567,200443364.0,242270893.5
131,000001.SH,20200915,3295.6795,3277.1284,3297.6904,3263.7522,3278.8138,16.8657,0.5144,197684400.0,251763868.5
132,000001.SH,20200914,3278.8138,3275.9181,3283.5325,3261.1479,3260.3461,18.4677,0.5664,213924137.0,269219919.7
133,000001.SH,20200911,3260.3461,3225.7836,3262.4976,3220.5363,3234.8234,25.5227,0.789,221698830.0,254844994.3
134,000001.SH,20200910,3234.8234,3282.232,3285.4731,3227.6435,3254.6279,-19.8045,-0.6085,312472804.0,309676743.6
135,000001.SH,20200909,3254.6279,3280.9974,3289.6148,3238.5606,3316.417,-61.7891,-1.8631,351509747.0,341054534.1
136,000001.SH,20200908,3316.417,3301.2173,3324.3929,3276.4431,3292.5907,23.8263,0.7236,271066278.0,320229901.3
137,000001.SH,20200907,3292.5907,3349.9184,3368.2446,3285.6326,3355.3666,-62.7759,-1.8709,260616567.0,357726463.9
138,000001.SH,20200904,3355.3666,3336.4076,3360.1061,3328.5518,3384.9806,-29.614,-0.8749,221636550.0,308179657.6
139,000001.SH,20200903,3384.9806,3404.0319,3425.6294,3374.2634,3404.8017,-19.8211,-0.5822,255346279.0,350706563.9
140,000001.SH,20200902,3404.8017,3420.4693,3421.3959,3377.2111,3410.6068,-5.8051,-0.1702,261546319.0,345638982.3
141,000001.SH,20200901,3410.6068,3389.7424,3410.6068,3381.7108,3395.6775,14.9293,0.4397,246999249.0,326850955.3
142,000001.SH,20200831,3395.6775,3416.5497,3442.7363,3395.4675,3403.8066,-8.1291,-0.2388,323473890.0,436930125.4
143,000001.SH,20200828,3403.8066,3346.2893,3405.8768,3339.6494,3350.1128,53.6938,1.6027,271325549.0,379367046.4
144,000001.SH,20200827,3350.1128,3333.4909,3351.8324,3312.9859,3329.7388,20.374,0.6119,237099353.0,317153391.5
145,000001.SH,20200826,3329.7388,3371.8083,3382.6032,3320.1355,3373.5781,-43.8393,-1.2995,294451036.0,381928906.6
146,000001.SH,20200825,3373.5781,3392.8797,3408.8697,3364.1602,3385.6383,-12.0602,-0.3562,277113421.0,355997790.8
147,000001.SH,20200824,3385.6383,3391.1132,3396.5663,3368.0258,3380.6825,4.9558,0.1466,266227841.0,345683380.0
148,000001.SH,20200821,3380.6825,3380.2269,3393.9175,3358.0005,3363.8988,16.7837,0.4989,287488340.0,361281752.7
149,000001.SH,20200820,3363.8988,3385.9645,3394.557,3352.7767,3408.1288,-44.23,-1.2978,335600982.0,401815550.1
150,000001.SH,20200819,3408.1288,3444.5646,3454.4613,3406.1642,3451.0894,-42.9606,-1.2448,405722214.0,498262158.3
151,000001.SH,20200818,3451.0894,3441.9337,3456.7206,3432.6402,3438.801,12.2884,0.3573,380729275.0,493052155.3
152,000001.SH,20200817,3438.801,3373.9018,3450.8987,3369.3742,3360.0988,78.7022,2.3423,434598260.0,537425075.1
153,000001.SH,20200814,3360.0988,3315.6687,3362.0267,3302.7357,3320.7261,39.3727,1.1857,305998376.0,367467421.7
154,000001.SH,20200813,3320.7261,3328.1754,3338.1518,3309.4629,3319.2656,1.4605,0.044,324291278.0,387162288.6
155,000001.SH,20200812,3319.2656,3327.4929,3335.729,3263.2653,3340.29,-21.0244,-0.6294,378328959.0,480731246.1
156,000001.SH,20200811,3340.29,3379.4874,3409.0589,3336.0945,3379.2524,-38.9624,-1.153,400452706.0,514020764.1
157,000001.SH,20200810,3379.2524,3341.5276,3399.9323,3335.0427,3354.0352,25.2172,0.7518,381379630.0,527083944.6
158,000001.SH,20200807,3354.0352,3370.5878,3374.133,3307.7127,3386.4631,-32.4279,-0.9576,403929633.0,561435649.6
159,000001.SH,20200806,3386.4631,3380.7621,3392.7048,3334.3341,3377.5648,8.8983,0.2635,415302510.0,570488248.1
160,000001.SH,20200805,3377.5648,3363.3324,3383.6365,3333.877,3371.6875,5.8773,0.1743,385823027.0,526515054.7
161,000001.SH,20200804,3371.6875,3376.4402,3391.0743,3352.5017,3367.9658,3.7217,0.1105,442328551.0,604942141.5
162,000001.SH,20200803,3367.9658,3332.1826,3368.1028,3327.6773,3310.0065,57.9593,1.751,407460867.0,572430759.8
163,000001.SH,20200731,3310.0065,3280.7959,3333.7859,3261.6135,3286.822,23.1845,0.7054,353758979.0,495778040.7
164,000001.SH,20200730,3286.822,3299.5718,3312.4508,3282.1617,3294.5521,-7.7301,-0.2346,340704121.0,476974005.6
165,000001.SH,20200729,3294.5521,3221.9883,3294.5521,3209.9902,3227.9604,66.5917,2.063,324924062.0,453094399.5
166,000001.SH,20200728,3227.9604,3226.1329,3245.2967,3208.4939,3205.2268,22.7336,0.7093,289377861.0,389873696.2
167,000001.SH,20200727,3205.2268,3210.3863,3221.9846,3174.6583,3196.7684,8.4584,0.2646,299319021.0,402231919.3
168,000001.SH,20200724,3196.7684,3310.6449,3319.1268,3184.9645,3325.1102,-128.3418,-3.8598,427054026.0,584311865.0
169,000001.SH,20200723,3325.1102,3306.1489,3336.3002,3257.8269,3333.1635,-8.0533,-0.2416,407042499.0,546887089.7
170,000001.SH,20200722,3333.1635,3315.1816,3381.9757,3311.7862,3320.8947,12.2688,0.3694,393335335.0,540577040.6
171,000001.SH,20200721,3320.8947,3330.5467,3336.6791,3300.5719,3314.149,6.7457,0.2035,359252029.0,488862180.4
172,000001.SH,20200720,3314.149,3243.9105,3314.149,3220.684,3214.1287,100.0203,3.1119,418555306.0,544045656.2
173,000001.SH,20200717,3214.1287,3214.4022,3252.7786,3181.2745,3210.0986,4.0301,0.1255,359652413.0,486536118.3
174,000001.SH,20200716,3210.0986,3356.359,3373.5317,3209.7272,3361.3044,-151.2058,-4.4984,490613123.0,679468340.6
175,000001.SH,20200715,3361.3044,3422.0778,3432.4506,3345.7488,3414.6186,-53.3142,-1.5614,492030542.0,674727409.8
176,000001.SH,20200714,3414.6186,3435.0237,3451.2224,3366.0828,3443.2863,-28.6677,-0.8326,543211492.0,707327005.2
177,000001.SH,20200713,3443.2863,3379.3867,3458.7914,3369.0378,3383.3222,59.9641,1.7723,558006875.0,717397053.1
178,000001.SH,20200710,3383.3222,3418.9347,3433.1085,3372.5066,3450.5935,-67.2713,-1.9496,556120011.0,703197550.4
179,000001.SH,20200709,3450.5935,3403.4832,3456.9721,3393.6379,3403.4401,47.1534,1.3855,620001823.0,751406830.4
180,000001.SH,20200708,3403.4401,3337.5518,3421.5312,3327.7062,3345.3369,58.1032,1.7368,587081685.0,696807634.5
181,000001.SH,20200707,3345.3369,3380.9536,3407.0811,3336.2416,3332.8807,12.4562,0.3737,657840159.0,793638372.4
182,000001.SH,20200706,3332.8807,3187.8393,3337.2723,3187.8393,3152.8126,180.0681,5.7113,643878906.0,724153675.7
183,000001.SH,20200703,3152.8126,3103.9952,3152.8126,3103.9952,3090.5693,62.2433,2.014,458793851.0,535489334.7
184,000001.SH,20200702,3090.5693,3023.7189,3092.4432,3021.6736,3025.981,64.5883,2.1345,391127996.0,478216482.3
185,000001.SH,20200701,3025.981,2991.1813,3026.1862,2984.9841,2984.6741,41.3069,1.384,273313140.0,369883802.3
186,000001.SH,20200630,2984.6741,2965.1054,2990.8253,2965.1054,2961.5164,23.1577,0.782,214957214.0,297312328.4
187,000001.SH,20200629,2961.5164,2973.0757,2977.9122,2951.7702,2979.5505,-18.0341,-0.6053,220622729.0,293886016.0
188,000001.SH,20200624,2979.5505,2972.9827,2982.9425,2971.2235,2970.6203,8.9302,0.3006,213200732.0,297008784.1
189,000001.SH,20200623,2970.6203,2960.8875,2972.4025,2949.8469,2965.2717,5.3486,0.1804,225212208.0,305378770.5
190,000001.SH,20200622,2965.2717,2966.9008,2983.4382,2959.035,2967.6341,-2.3624,-0.0796,267883834.0,346028748.4
191,000001.SH,20200619,2967.6341,2938.7887,2973.3164,2935.8239,2939.3151,28.319,0.9635,264313961.0,319089106.6
192,000001.SH,20200618,2939.3151,2929.8799,2942.8983,2920.1054,2935.873,3.4421,0.1172,258691377.0,289367727.8
193,000001.SH,20200617,2935.873,2932.6708,2936.6162,2919.0353,2931.7493,4.1237,0.1407,234654391.0,278007110.7
194,000001.SH,20200616,2931.7493,2912.8251,2931.7791,2909.1341,2890.0306,41.7187,1.4435,223313065.0,270948558.5
195,000001.SH,20200615,2890.0306,2908.2767,2922.5364,2890.0306,2919.7408,-29.7102,-1.0176,243205046.0,293361556.8
196,000001.SH,20200612,2919.7408,2876.8029,2930.255,2872.6165,2920.8968,-1.156,-0.0396,236008642.0,274321726.2
197,000001.SH,20200611,2920.8968,2939.7914,2952.651,2912.1932,2943.7525,-22.8557,-0.7764,233722947.0,289023256.1
198,000001.SH,20200610,2943.7525,2951.2784,2951.3298,2934.8428,2956.1116,-12.3591,-0.4181,207925969.0,243968496.5
199,000001.SH,20200609,2956.1116,2939.5351,2957.1186,2932.9385,2937.7712,18.3404,0.6243,209048585.0,251414696.2
200,000001.SH,20200608,2937.7712,2941.9816,2950.0656,2934.2103,2930.7993,6.9719,0.2379,231124360.0,274611815.6
201,000001.SH,20200605,2930.7993,2923.1891,2930.7993,2909.1181,2919.2506,11.5487,0.3956,217360673.0,253141142.5
202,000001.SH,20200604,2919.2506,2931.8376,2932.9677,2910.7516,2923.3711,-4.1205,-0.141,226605873.0,254345984.5
203,000001.SH,20200603,2923.3711,2930.3906,2942.7597,2922.6612,2921.398,1.9731,0.0675,255663980.0,300447817.0
204,000001.SH,20200602,2921.398,2916.3168,2926.3588,2909.1277,2915.4311,5.9669,0.2047,256108049.0,294402745.9
205,000001.SH,20200601,2915.4311,2871.9641,2917.1508,2871.9641,2852.3512,63.0799,2.2115,260196050.0,307416215.1
206,000001.SH,20200529,2852.3512,2835.584,2855.3756,2829.6271,2846.2217,6.1295,0.2154,206792804.0,233798996.6
207,000001.SH,20200528,2846.2217,2838.2072,2861.9241,2820.1455,2836.8036,9.4181,0.332,207546019.0,239234260.6
208,000001.SH,20200527,2836.8036,2847.3198,2848.9965,2831.9281,2846.5473,-9.7437,-0.3423,198149343.0,227934395.7
209,000001.SH,20200526,2846.5473,2827.8967,2848.3371,2825.901,2817.9697,28.5776,1.0141,174562369.0,207427833.7
210,000001.SH,20200525,2817.9697,2816.241,2821.4978,2802.4653,2813.7654,4.2043,0.1494,172885557.0,202115352.6
211,000001.SH,20200522,2813.7654,2863.0462,2863.0462,2808.0177,2867.9237,-54.1583,-1.8884,209063712.0,245229603.7
212,000001.SH,20200521,2867.9237,2890.7213,2891.5177,2864.2073,2883.7378,-15.8141,-0.5484,203532038.0,250569937.6
213,000001.SH,20200520,2883.7378,2896.4657,2896.4657,2876.1766,2898.576,-14.8382,-0.5119,210519985.0,269176553.6
214,000001.SH,20200519,2898.576,2897.6867,2900.2187,2887.5768,2875.4176,23.1584,0.8054,197222405.0,256277803.1
215,000001.SH,20200518,2875.4176,2872.5244,2889.9795,2862.2709,2868.4587,6.9589,0.2426,226022882.0,289089595.5
216,000001.SH,20200515,2868.4587,2880.7067,2884.2199,2863.3698,2870.3422,-1.8835,-0.0656,188983592.0,246878191.1
217,000001.SH,20200514,2870.3422,2887.0577,2887.0577,2869.1832,2898.0495,-27.7073,-0.9561,197776202.0,237336974.7
218,000001.SH,20200513,2898.0495,2882.9552,2900.2587,2875.5354,2891.5564,6.4931,0.2246,185061310.0,223866906.9
219,000001.SH,20200512,2891.5564,2894.6171,2897.9018,2871.23,2894.802,-3.2456,-0.1121,197082985.0,238476218.8
220,000001.SH,20200511,2894.802,2901.5739,2914.2838,2884.3806,2895.3444,-0.5424,-0.0187,225120410.0,271930641.5
221,000001.SH,20200508,2895.3444,2882.7078,2903.7967,2879.2034,2871.5232,23.8212,0.8296,226822075.0,276562717.0
222,000001.SH,20200507,2871.5232,2876.4727,2882.0222,2864.5813,2878.1402,-6.617,-0.2299,226736957.0,268607485.3
223,000001.SH,20200506,2878.1402,2831.6326,2879.2634,2830.6536,2860.0822,18.058,0.6314,249826616.0,303890031.0
224,000001.SH,20200430,2860.0822,2832.3843,2865.59,2832.3843,2822.4424,37.6398,1.3336,242455278.0,277440934.0
225,000001.SH,20200429,2822.4424,2801.383,2831.7642,2800.7379,2810.0243,12.4181,0.4419,202061807.0,222720221.7
226,000001.SH,20200428,2810.0243,2819.9914,2821.745,2758.2459,2815.4947,-5.4704,-0.1943,253872745.0,270534752.6
227,000001.SH,20200427,2815.4947,2812.2422,2832.6662,2802.9579,2808.5293,6.9654,0.248,210130981.0,225293706.3
228,000001.SH,20200424,2808.5293,2834.9387,2834.9387,2802.4989,2838.4994,-29.9701,-1.0558,235185076.0,244122291.5
229,000001.SH,20200423,2838.4994,2850.5104,2853.6357,2835.8961,2843.9804,-5.481,-0.1927,248779037.0,262662040.5
230,000001.SH,20200422,2843.9804,2814.0661,2843.9804,2808.4819,2827.0133,16.9671,0.6002,217320000.0,232796777.8
231,000001.SH,20200421,2827.0133,2842.2372,2842.2372,2808.0214,2852.5528,-25.5395,-0.8953,233235870.0,248688585.7
232,000001.SH,20200420,2852.5528,2840.4085,2852.99,2833.2615,2838.4945,14.0583,0.4953,211847078.0,233759313.2
233,000001.SH,20200417,2838.4945,2835.5581,2854.9599,2830.0217,2819.935,18.5595,0.6582,245736750.0,280025229.1
234,000001.SH,20200416,2819.935,2798.4295,2823.3382,2796.8388,2811.1741,8.7609,0.3116,203003773.0,222432600.9
235,000001.SH,20200415,2811.1741,2826.6618,2829.7503,2808.7039,2827.283,-16.1089,-0.5698,205621146.0,231631632.2
236,000001.SH,20200414,2827.283,2794.801,2827.2981,2789.4279,2783.0476,44.2354,1.5895,202696569.0,223605697.3
237,000001.SH,20200413,2783.0476,2784.5979,2792.8906,2774.0808,2796.6312,-13.5836,-0.4857,177124554.0,184120284.1
238,000001.SH,20200410,2796.6312,2827.1873,2833.0148,2789.9756,2825.9036,-29.2724,-1.0359,233454768.0,246376307.2
239,000001.SH,20200409,2825.9036,2825.8393,2832.395,2820.4326,2815.3686,10.535,0.3742,238184843.0,247392988.0
240,000001.SH,20200408,2815.3686,2805.9166,2823.2139,2800.2963,2820.7634,-5.3948,-0.1913,243515305.0,253159668.1
241,000001.SH,20200407,2820.7634,2806.9676,2823.2767,2801.8386,2763.9874,56.776,2.0541,270198186.0,286627794.3
242,000001.SH,20200403,2763.9874,2773.5764,2780.5868,2754.0731,2780.6379,-16.6505,-0.5988,200837404.0,214062212.0
243,000001.SH,20200402,2780.6379,2720.2284,2780.6379,2719.9043,2734.5215,46.1164,1.6865,217864600.0,233111575.7
244,000001.SH,20200401,2734.5215,2743.5409,2773.3641,2731.0794,2750.2962,-15.7747,-0.5736,217253427.0,225624646.6
245,000001.SH,20200331,2750.2962,2767.3072,2771.1683,2743.1154,2747.2138,3.0824,0.1122,218598674.0,224271061.6
246,000001.SH,20200330,2747.2138,2739.7191,2759.0989,2723.0543,2772.2033,-24.9895,-0.9014,239706604.0,250687144.2
247,000001.SH,20200327,2772.2033,2792.9843,2805.5479,2771.7563,2764.9109,7.2924,0.2637,240764066.0,253630725.9
248,000001.SH,20200326,2764.9109,2761.8961,2788.5038,2753.4282,2781.5913,-16.6804,-0.5997,234084022.0,248279785.0
249,000001.SH,20200325,2781.5913,2775.3032,2788.6354,2757.8016,2722.4381,59.1532,2.1728,273144466.0,293191204.4
250,000001.SH,20200324,2722.4381,2703.0193,2723.4066,2667.1333,2660.1673,62.2708,2.3409,257021930.0,278999306.6
251,000001.SH,20200323,2660.1674,2677.591,2703.3295,2656.5008,2745.6182,-85.4508,-3.1123,249820250.0,268423242.0
252,000001.SH,20200320,2745.6182,2727.0186,2751.8964,2702.4933,2702.1296,43.4886,1.6094,252019507.0,281583369.7
253,000001.SH,20200319,2702.1296,2719.4063,2736.82,2646.8048,2728.7563,-26.6267,-0.9758,302302747.0,330518008.5
254,000001.SH,20200318,2728.7563,2792.3221,2815.8737,2728.7563,2779.6407,-50.8844,-1.8306,291159852.0,318611391.6
255,000001.SH,20200317,2779.6407,2796.284,2826.9068,2715.2213,2789.2537,-9.613,-0.3446,306149677.0,323012822.8
256,000001.SH,20200316,2789.2537,2897.3009,2898.0349,2784.6616,2887.4265,-98.1728,-3.4,351878665.0,375627000.8
257,000001.SH,20200313,2887.4265,2804.2322,2910.8812,2799.9841,2923.4856,-36.0591,-1.2334,366450436.0,393019665.2
258,000001.SH,20200312,2923.4856,2936.0163,2944.4651,2906.2838,2968.5174,-45.0318,-1.517,307778457.0,328209202.4
259,000001.SH,20200311,2968.5174,3001.7616,3010.0286,2968.5174,2996.7618,-28.2444,-0.9425,352470970.0,378766619.0
260,000001.SH,20200310,2996.7618,2918.9347,3000.2963,2904.7989,2943.2907,53.4711,1.8167,393296648.0,425017184.8
261,000001.SH,20200309,2943.2907,2987.1805,2989.2051,2940.7138,3034.5113,-91.2206,-3.0061,414560736.0,438143854.6
262,000001.SH,20200306,3034.5113,3039.9395,3052.4439,3029.4632,3071.6771,-37.1658,-1.21,362061533.0,377388542.7
263,000001.SH,20200305,3071.6771,3036.1545,3074.2571,3022.9262,3011.6657,60.0114,1.9926,445425806.0,482770471.4
264,000001.SH,20200304,3011.6657,2981.806,3012.0035,2974.3583,2992.8968,18.7689,0.6271,353338278.0,389893917.5
265,000001.SH,20200303,2992.8968,3006.8888,3026.842,2976.623,2970.9312,21.9656,0.7394,410108047.0,447053681.5
266,000001.SH,20200302,2970.9312,2899.31,2982.5068,2899.31,2880.3038,90.6274,3.1465,367333369.0,397244201.2
267,000001.SH,20200228,2880.3038,2924.6407,2948.1261,2878.5443,2991.3288,-111.025,-3.7116,401216914.0,432657775.0
268,000001.SH,20200227,2991.3288,2992.4919,3009.4575,2980.4774,2987.9287,3.4001,0.1138,350523658.0,395955641.5
269,000001.SH,20200226,2987.9287,2978.4195,3028.7788,2974.9423,3013.0501,-25.1214,-0.8338,469049552.0,495341447.3
270,000001.SH,20200225,3013.0501,2982.0696,3016.9458,2943.7168,3031.2333,-18.1832,-0.5999,441622762.0,513128644.6
271,000001.SH,20200224,3031.2333,3027.8925,3042.1821,3007.3557,3039.6692,-8.4359,-0.2775,370430044.0,451601363.1
272,000001.SH,20200221,3039.6692,3022.2455,3058.898,3020.141,3030.1542,9.515,0.314,364557276.0,445062076.7
273,000001.SH,20200220,3030.1542,2981.8802,3031.3706,2968.4451,2975.4019,54.7523,1.8402,345732881.0,413761364.1
274,000001.SH,20200219,2975.4019,2979.5223,2998.2718,2971.8219,2984.9716,-9.5697,-0.3206,315141151.0,381331160.4
275,000001.SH,20200218,2984.9716,2981.4097,2990.6003,2960.7751,2983.6224,1.3492,0.0452,311665913.0,374998562.6
276,000001.SH,20200217,2983.6224,2924.9913,2983.6371,2924.9913,2917.0077,66.6147,2.2837,313198007.0,367014340.1
277,000001.SH,20200214,2917.0077,2899.8659,2926.9427,2899.5739,2906.0735,10.9342,0.3763,250650627.0,308080368.7
278,000001.SH,20200213,2906.0735,2927.1443,2935.406,2901.2425,2926.8991,-20.8256,-0.7115,274804844.0,334526327.4
279,000001.SH,20200212,2926.8991,2895.5561,2926.8991,2892.424,2901.6744,25.2247,0.8693,248733429.0,297534420.5
280,000001.SH,20200211,2901.6744,2894.5414,2913.8159,2882.2428,2890.4878,11.1866,0.387,269168335.0,302956847.2
281,000001.SH,20200210,2890.4878,2860.499,2891.8479,2851.0503,2875.9636,14.5242,0.505,294929784.0,341520398.3
282,000001.SH,20200207,2875.9636,2858.9324,2875.9636,2838.7702,2866.5097,9.4539,0.3298,309479642.0,362384162.5
283,000001.SH,20200206,2866.5097,2826.8851,2876.5878,2807.609,2818.0878,48.4219,1.7183,316392142.0,358582589.7
284,000001.SH,20200205,2818.0878,2792.3713,2842.7426,2778.8641,2783.2875,34.8003,1.2503,309761823.0,349184114.8
285,000001.SH,20200204,2783.2875,2685.2693,2786.1642,2685.2693,2746.6056,36.6819,1.3355,364046200.0,374068466.8
286,000001.SH,20200203,2746.6056,2716.6978,2766.5773,2716.6978,2976.5281,-229.9225,-7.7245,215912103.0,257019597.4
287,000001.SH,20200123,2976.5281,3037.9524,3045.0406,2955.346,3060.7545,-84.2264,-2.7518,272763234.0,327490360.4
288,000001.SH,20200122,3060.7545,3038.4868,3069.2527,3006.2677,3052.1419,8.6126,0.2822,223852865.0,278456924.0
289,000001.SH,20200121,3052.1419,3085.7895,3085.7895,3051.2301,3095.7873,-43.6454,-1.4098,234830739.0,286268098.2
290,000001.SH,20200120,3095.7873,3082.1134,3096.3105,3070.4801,3075.4955,20.2918,0.6598,210493341.0,271122455.4
291,000001.SH,20200117,3075.4955,3081.4641,3091.9516,3067.2525,3074.0814,1.4141,0.046,190304299.0,242273045.3
292,000001.SH,20200116,3074.0814,3095.7342,3096.3717,3070.884,3090.0379,-15.9565,-0.5164,203375475.0,236843360.1
293,000001.SH,20200115,3090.0379,3103.1749,3107.9426,3082.0425,3106.8204,-16.7825,-0.5402,202313023.0,232913446.7
294,000001.SH,20200114,3106.8204,3120.6669,3127.1692,3105.6049,3115.5696,-8.7492,-0.2808,229973769.0,271542441.4
295,000001.SH,20200113,3115.5696,3091.493,3115.5696,3075.3837,3092.2907,23.2789,0.7528,210621004.0,258524058.0
296,000001.SH,20200110,3092.2907,3102.2938,3105.2248,3081.3961,3094.8819,-2.5912,-0.0837,210442462.0,241555668.1
297,000001.SH,20200109,3094.8819,3082.6398,3097.3291,3080.1313,3066.8925,27.9894,0.9126,243435649.0,271716020.9
298,000001.SH,20200108,3066.8925,3094.2389,3094.2389,3059.1313,3104.8015,-37.909,-1.221,297872553.0,306517394.5
299,000001.SH,20200107,3104.8015,3085.4882,3105.4507,3084.329,3083.4083,21.3932,0.6938,276583111.0,288159227.7
300,000001.SH,20200106,3083.4083,3070.9088,3107.2032,3065.3088,3083.7858,-0.3775,-0.0122,312575842.0,331182549.9
301,000001.SH,20200103,3083.7858,3089.022,3093.8192,3074.5178,3085.1976,-1.4118,-0.0458,261496667.0,289991708.4
302,000001.SH,20200102,3085.1976,3066.3357,3098.1001,3066.3357,3050.124,35.0736,1.1499,292470208.0,327197122.6
